-- Drop and Create the Database, DDL
drop database if exists prs_db;
create database prs_db;
use prs_db;


-- DDL - Create Tables

create table User (
	ID 				int 			primary key auto_increment,
	UserName		varchar(20) 	not null,
	Password		varchar(10)		not null,
	FirstName		varchar(20) 	not null,		
	LastName		varchar(20) 	not null,
    PhoneNumber		varchar(12)     not null,
    Email			varchar(75)		not null,
    isReviewer		tinyint			not null,
    isAdmin			tinyint			not null,
    constraint uname unique (Username)
	);
      
      -- for tinyint values, 0 = false or no access and 1 = access -- 
      -- constraint act_mov unique (actorID, movieID)*/
      
create table Vendor (
    ID						int					primary key auto_increment,
    Code					varchar(10)			not null,
    Name					varchar(255)		not null,
    Address					varchar(255)		not null,
    City					varchar(255)		not null,
    State					varchar(2)			not null,
    Zip						varchar(5)			not null,
    PhoneNumber				varchar(12)			not null,
    Email					varchar(100)		not null,
    constraint vcode unique (Code)
    );
    
        
    
create table Request (
 
	ID						int					primary key auto_increment,
	UserID					int					not null,
	Description				varchar(100)		not null,
	Justification			varchar(255)		not null,
	DateNeeded				date				not null,
	DeliveryMode			varchar(25)			not null,
	Status					varchar(20)			not null,
    Total					decimal(10,2)		not null,
	SubmittedDate			datetime			not null,
	ReasonForRejection		varchar(100)	   	null,
    foreign key (UserID) references User(ID)
    );
    
create table Product (
    ID						int					primary key auto_increment,
    VendorID				int					not null,
    PartNumber				varchar(50)			not null,
    Name					varchar(150)		not null,
    Price					decimal(10,2)		not null,
    Unit					varchar(255)		null,
    PhotoPath				varchar(255)		null,
    foreign key (VendorID) references Vendor(ID),
    constraint vendor_part unique (VendorID, PartNumber)
    );
    
    
    
    /*	foreign key (actorID) references actor(ID),
	foreign key (movieID) references movie(ID),
    constraint act_mov unique (actorID, movieID)*/
    
create table LineItem (
    ID						int					primary key auto_increment,
	RequestID				int					not null,
    ProductID				int					not null,
	Quanity					int					not null,
    foreign key (ProductID) references Product(ID),
    foreign key (RequestID) references Request(ID),
    constraint req_pdt unique (RequestID, ProductID)
    );
    
 -- Inserts for User Table -- 
 	insert into User(ID, UserName, Password, FirstName, LastName, PhoneNumber, Email, isReviewer, isAdmin)
		values	(1, 'oconnesj', 'Alamo#20', 'Sam', 'O''Connell', '513-426-0411', 'samuel.oconnell1493@gmail.com', 1,1 );
	insert into User(ID, UserName, Password, FirstName, LastName, PhoneNumber, Email, isReviewer, isAdmin)
		values	(2,'masilibr', 'Remember4', 'Blake', 'Maislin', '513-444-4444', 'Blake.Maislin@hotmail.com' , 1,0);
	insert into	User(ID, UserName, Password, FirstName, LastName, PhoneNumber, Email, isReviewer, isAdmin)
		values	(3,'isaacsd', 'Hammertime', 'Darryl', 'Isaacs', '800-800-8888', 'Thehammerlawyer@law.com' ,0,1);
        
-- Vendor table inserts  --
/* Code is First two letters of company name + firs 3 of street + first 5 of city  name ex 
Oakley cincinnati kroger  is krmarcinci */
	insert into Vendor (ID, Code, Name, Address, City, State, Zip, PhoneNumber, Email)
		values	(1, 'krmarcinci', 'Kroger', '4613 Marbug Ave', 'Cincinnati', 'OH', '45209', '513-782-5100', 'customerservice@kroger.com' );
	insert into Vendor (ID, Code, Name, Address, City, State, Zip, PhoneNumber, Email)
		values	(2, 'grericinci', 'Graeter''s Ice Cream', '2704 Erie Ave', 'Cincinnati', 'OH', '45209', '513-321-6221', 'iscreamforicecream@graeters.com' );	
	insert into Vendor (ID, Code, Name, Address, City, State, Zip, PhoneNumber, Email)
		values	(3, 'mamadcinci', 'Mad Tree Brewing', '3301 Madison Rd', 'Cincinnati', 'OH', '45209', '513-836-8733', 'owner@madtreebrewing.com');
	insert into Vendor (ID, Code, Name, Address, City, State, Zip, PhoneNumber, Email)
		values	(4, 'skcarnewpo', 'Skyline Chili', '35 Carothers Rd', 'Newport', 'KY', '45209', '859-431-1001', 'makeitathreeway@gmail.com');
        
  -- Product Table Inserts --
			-- inserts for vendor kroger --
    insert into Product (ID, VendorID, PartNumber, Name, Price, Unit, PhotoPath)
    	values (1,1,'0089162700901', 'evol. Fire Grilled Steak Bowl', 3.99,'1 bowl ', ' ');
    insert into Product (ID, VendorID, PartNumber, Name, Price, Unit, PhotoPath)
    	values (2,1,'0020202400000', 'Beef Choice Boneless Ribeye Steak', 13.99,'1 steak 13.99/pound  ', ' ');     
    insert into Product (ID, VendorID, PartNumber, Name, Price, Unit, PhotoPath)
    	values (3,1,'0000000003283', 'Apple - Honeycrisp', 1.99,'per pound ', ' ');         
    insert into Product (ID, VendorID, PartNumber, Name, Price, Unit, PhotoPath)
    	values (4,1,'0000000004011', 'Banana', .49,'per pound ', ' '); 
    insert into Product (ID, VendorID, PartNumber, Name, Price, Unit, PhotoPath)
    	values (5,1,'0007199009511', 'Blue Moon Belgian White Belgian Style Wheat Ale Beer', 9.99 ,'6 bottles / 12 fl oz', ' ');  
    
        
        -- inserts for vendor Graeters --
    insert into Product (ID, VendorID, PartNumber, Name, Price, Unit, PhotoPath)
    	values (6,2,'pintBlkCherryCC', 'Black Cherry Chocolate Chip ', 4.99,'1 pint ', ' ');
    insert into Product (ID, VendorID, PartNumber, Name, Price, Unit, PhotoPath)
    	values (7,2,'pintMintCookCrm', 'Mint Cookies & Cream ', 4.99,'1 pint ', ' ');
    insert into Product (ID, VendorID, PartNumber, Name, Price, Unit, PhotoPath)
    	values (8,2,'pintCookieCream', 'Cookie & Cream', 4.99,'1 pint ', ' ');
    insert into Product (ID, VendorID, PartNumber, Name, Price, Unit, PhotoPath)
    	values (9,2,'pintViennaCoffe', 'Vienna Coffee ', 4.99,'1 pint ', ' '); 
        
    -- inserts for vendor Mad Tree Brewing    
  insert into Product (ID, VendorID, PartNumber, Name, Price, Unit, PhotoPath)
    	values (10,3,'ciderApple42Mile', '42 Mile Hard Apple Cider', 7.00 ,'1 pint ', ' '); 
    insert into Product (ID, VendorID, PartNumber, Name, Price, Unit, PhotoPath)
    	values (11,3,'beerRyeBRTSciGuy', 'Bill Rye the Science Guy', 4.99,'16oz Can ', ' ');
    insert into Product (ID, VendorID, PartNumber, Name, Price, Unit, PhotoPath)
    	values (12,3,'beerIpaPsyHopathy', 'PsycHOPathy ', 6.00,'1 pint ', ' ');
        
	-- inserts for Vendor Skyline Chili
    insert into Product (ID, VendorID, PartNumber, Name, Price, Unit, PhotoPath)
    	values (13,4,'chiliRegular3Way', '3-Way', 10.99 ,'1 Regular Size ', ' '); 
    insert into Product (ID, VendorID, PartNumber, Name, Price, Unit, PhotoPath)
    	values (14,4,'chiliRegular4Way', '4-Way', 11.38,'1 Regular Size', ' ');
    insert into Product (ID, VendorID, PartNumber, Name, Price, Unit, PhotoPath)
    	values (15,4,'chiliRegular5Way', '5-Way', 13.00,'1 Regular Size', ' '); 